CustomerID,CustomerName,Email,Phone,City,State,Country
1,Timothy Clark,anthonywilliam@berg.com,+1-387-530-1218,New Markville,Nevada,Liechtenstein
2,Victoria Anderson,jeffreyjohnson@gmail.com,(476)946-6983x841,Lake Benjaminfurt,Minnesota,Timor-Leste
3,Richard Stokes,lopezlisa@harris-smith.org,+1-581-904-3525,Lake Susan,Washington,United Arab Emirates
4,Anthony Knapp,timothy97@yahoo.com,(823)255-1037x6911,East Patrickshire,Rhode Island,Nauru
5,Yvonne Pacheco,ldiaz@hotmail.com,+1-153-392-1329,Laurieland,Louisiana,Cambodia
6,Kevin Santos,moralesmaria@weaver.org,8525971892,Port Danielburgh,Michigan,Qatar
7,Melissa Dodson,daniel62@yahoo.com,620.668.6898x8512,Scottberg,New Jersey,Chile
8,Alicia Jensen,christopherhess@gmail.com,430.230.4339x2407,Lake William,Michigan,Costa Rica
9,John Rice,mcdonaldjennifer@gmail.com,(346)481-8005x0970,South Michellehaven,Utah,Guam
10,Jeffrey Reed,fernandezwilliam@yahoo.com,(619)596-4146x4503,North Richardfurt,Wisconsin,Tuvalu
11,Daniel James,julie77@stone-johnson.com,(005)145-7483x5729,New Nicholaschester,Michigan,Libyan Arab Jamahiriya
12,Jamie Garcia,cbeck@hudson-gonzalez.com,9956795290,Hernandezside,Illinois,Andorra
13,Mr. Andrew Lynch,laura75@yahoo.com,378.251.7451,East Natashatown,New Hampshire,Norway
14,Kimberly Montgomery,bradley76@gmail.com,(007)184-8387,Port Matthewview,Nebraska,Turkey
15,Kaitlyn Ross,ashleynichols@yahoo.com,8557792376,Robertsfurt,California,Antigua and Barbuda
16,Andrew Johnson,melendezjessica@simon-james.com,6481574129,North Jennifer,California,Burkina Faso
17,Sean Russell III,yolandawoods@gmail.com,4305400539,Lake Sharonland,South Carolina,Lesotho
18,Matthew Scott,barryford@guzman.net,(691)969-4884x6399,Rhodesland,Ohio,United States of America
19,Lindsay Graham,llowe@hotmail.com,371.415.5621,Julieside,Connecticut,Isle of Man
20,Dr. Shawn Morrison DDS,carrollchelsea@tucker.com,307.421.8693x1930,Cathyfurt,South Dakota,Christmas Island
21,Tina Cannon,kayla92@turner-morris.net,371.210.4390x65074,North Joseph,Nebraska,Holy See (Vatican City State)
22,James Cannon,marissawagner@hotmail.com,666-725-9409x618,Mooreberg,Connecticut,Guadeloupe
23,Brian Lewis,kashley@middleton.com,173-098-1408,Howardmouth,Oregon,Nepal
24,Bradley Burke,sheilamullins@glover.com,845-937-2939x56056,Marcburgh,Alabama,Brunei Darussalam
25,Michelle Owens,xtucker@alvarez-west.com,001-428-816-9915x41726,Shelbyport,Alaska,Brunei Darussalam
26,Joseph Foster,smithmichael@hotmail.com,534.298.2313x795,South Matthewfort,Mississippi,Italy
27,David Perez,tiffany88@cook.com,+1-123-954-8835,Longside,Illinois,Moldova
28,Jared Ochoa,christineherrera@rowe-sims.com,614-409-1940x653,North Leslie,New York,Kuwait
29,Rebecca Bass,michellemoon@fernandez.com,+1-121-140-4339x670,Lisastad,West Virginia,Guernsey
30,Zachary Mcgrath,jjones@yahoo.com,273-292-7076,East Desiree,Illinois,Gabon
31,Richard Hernandez,sergio95@hotmail.com,(479)612-1467x946,Kimtown,Ohio,Holy See (Vatican City State)
32,Henry Long,kenneth10@yahoo.com,(190)837-7782x151,Charlesbury,Wisconsin,Anguilla
33,Madeline Pratt,angel19@yahoo.com,(043)742-4337x7116,Hernandezstad,Hawaii,Italy
34,John Jensen,bakerjames@gmail.com,(547)438-8061,South Rebecca,Washington,Zambia
35,Alexander Stevens,knightsharon@gmail.com,+1-922-647-4251x9476,Laurahaven,Wisconsin,Maldives
36,Elizabeth Stevenson,xdiaz@doyle.info,389-542-9421,Lake Todd,Nevada,Saint Martin
37,Yesenia Smith,bwilliams@mullins.com,001-937-898-2297x29021,Kevinhaven,West Virginia,Paraguay
38,Mitchell Hayes,wbaird@davis-castillo.com,+1-692-344-0305x694,Stephanieville,Pennsylvania,Macedonia
39,Bianca Gonzalez,pbooth@hernandez-reed.com,001-265-545-9265x181,Jamesville,California,Guam
40,Hunter Williams,stephenssarah@dixon.net,549.101.7669x4396,Bishopchester,North Carolina,British Indian Ocean Territory (Chagos Archipelago)
41,Dr. Joseph Cox,harriskara@hotmail.com,724.424.4382x171,West Jessica,Arkansas,Bouvet Island (Bouvetoya)
42,Dustin Graves,williamdaniels@griffith.biz,214-872-6199,Schultzmouth,Alaska,Cook Islands
43,Desiree Garrison,taylorrobert@gmail.com,+1-080-362-6742x1690,Delgadostad,Vermont,Bosnia and Herzegovina
44,Andrew Ellis,wdixon@randolph.com,(447)721-0055,Daisyburgh,Massachusetts,Palau
45,Mrs. Martha Holloway,marcus50@yahoo.com,001-677-330-4268,Princeport,Texas,Czech Republic
46,Heather Peck,keith58@johnston.com,+1-120-093-9703x47967,Lake Tonyaside,New Mexico,Poland
47,Samantha Grant,contrerasgene@hotmail.com,001-697-380-2379x6719,Carrtown,Idaho,British Indian Ocean Territory (Chagos Archipelago)
48,Jeffrey Hawkins,afletcher@gmail.com,869-270-4169x3134,Jasonborough,South Carolina,Guatemala
49,Elizabeth Stanley,jonathan51@gmail.com,797-309-0470x83075,Jenniferhaven,Vermont,Malawi
50,Angel Burton,larsonruth@gregory.com,522.644.8292x720,Josephborough,Virginia,Congo
51,Kelly Moore,timothylucas@hotmail.com,(538)773-1060x130,Melindaview,Louisiana,Belize
52,Sarah Perez,nicholasosborn@hotmail.com,+1-075-663-8799x980,Patriciaberg,Wyoming,Cyprus
53,Lisa Bowman,xortiz@mckinney.info,7268163205,Devintown,New York,Japan
54,Marcus Hernandez,martha68@becker-taylor.com,208.495.1793x190,Davidbury,Ohio,Belize
55,Kyle Castro,david50@yahoo.com,230.561.2067x7677,Hortonmouth,North Dakota,Taiwan
56,Matthew Chavez,hmartinez@yahoo.com,(607)760-8261x55376,Grahamport,Arkansas,Samoa
57,Angela Henson,smithjohnathan@hotmail.com,001-505-571-4929x173,Valeriebury,Nevada,Mauritania
58,Jessica Rubio,dave16@fernandez.biz,339.223.6820,North Belindastad,Massachusetts,France
59,Mark Perez,jessicaanderson@yahoo.com,807.872.5216,Carrland,Florida,Estonia
60,Ronald Yang,cray@yahoo.com,001-376-616-6972x2012,Wellschester,Missouri,Bulgaria
61,Nicole Gibson,jpowers@hotmail.com,1332846902,Garcialand,Oregon,Nauru
62,Corey Meyers,garytaylor@haas.com,397-024-9083,Jamesburgh,Maine,Turkey
63,Robert Torres,sandersfrances@campbell-gomez.com,794.265.0614x21649,Lake Andrew,Rhode Island,Belgium
64,Ronald Sanders,tinabarr@gmail.com,973-552-9201x51181,Mitchellport,Pennsylvania,Greece
65,William Skinner,igraham@gmail.com,(685)626-0909,Lake Rebecca,Vermont,Eritrea
66,Ann Duffy,manuelyoung@gmail.com,+1-711-969-1028x0594,Lake Stevenfort,Missouri,Guinea-Bissau
67,Haley George,yvonnenguyen@hotmail.com,029-163-4901x232,Horneside,South Dakota,Cambodia
68,Dean Thompson,lynnmooney@gmail.com,746.095.4265,East Megan,Vermont,Qatar
69,Beth Mckenzie,ihenson@yahoo.com,141.152.1444x4103,West Williamland,Massachusetts,Cote d'Ivoire
70,Emily Bean,slopez@gmail.com,215-355-1286x950,Johnsonshire,California,Slovakia (Slovak Republic)
71,Kimberly Fitzgerald,sanderssusan@yahoo.com,272-796-9435x3069,Nathanburgh,Hawaii,Malaysia
72,Tamara Acevedo,molly99@king.biz,586-061-3348x9880,South Tina,Tennessee,Suriname
73,Matthew Clark,hlewis@hotmail.com,398.865.9897x440,West Eric,Oklahoma,Pakistan
74,Yvonne Chambers,stephaniekelly@lopez-chapman.org,185.606.7581,Parrishside,New York,Finland
75,Kevin French,ymcdonald@yahoo.com,922-705-2209x9917,New Mary,North Carolina,Christmas Island
76,Julie Parks,keyamanda@yahoo.com,076.035.5707,Allenshire,Connecticut,Zambia
77,Peter Walker,nicolehill@yahoo.com,351-216-4176x009,Port Stephanie,Kansas,Greenland
78,Thomas Flores,katherine73@hotmail.com,001-583-195-2702,Port Kaylaville,Utah,Wallis and Futuna
79,Dr. David Smith,fjohnson@bullock.com,+1-859-239-0680x185,East Shelleyton,Missouri,Mayotte
80,Mark Schwartz,patrick51@stephenson.com,001-078-914-6398x3713,Port John,Tennessee,Norfolk Island
81,John Montoya,websterrobert@powell.net,690-248-0991x1608,Leonardport,Kansas,Morocco
82,Rodney Hood,deborahjohnson@hotmail.com,(591)001-5187x162,West Karen,Kansas,Nauru
83,Tiffany Bradshaw,tony01@gmail.com,(376)713-0732x3986,Mooreville,Virginia,Isle of Man
84,Stephen Williams,richard46@gonzalez.com,436-189-6335,South Dorisshire,Georgia,Syrian Arab Republic
85,William Pham,tonya45@cochran.net,001-926-742-3128x6193,Medinaside,New Hampshire,Burkina Faso
86,Debra Rodriguez,brycealvarado@gmail.com,555-176-0682,Port Claudiaborough,Kansas,Portugal
87,James Guerra,adamstevens@lopez.info,084.290.8756x52626,East Thomaston,South Carolina,Guam
88,Linda Wilkinson,vincenthendricks@hill.com,(861)649-5744x5269,Steventown,Indiana,Poland
89,Micheal Baxter,millerbrian@hotmail.com,+1-591-907-6101,East Ronald,Ohio,Madagascar
90,Charles Castro,jasonwall@gmail.com,1400609698,Aprilbury,Kansas,Mali
91,Nicholas Owens,ryan65@sullivan.com,+1-988-016-4540x88322,Kingside,Texas,Saint Pierre and Miquelon
92,Lori Figueroa,ray42@hotmail.com,001-618-305-1658x91801,Patriciafurt,Nevada,Saint Pierre and Miquelon
93,Mary Griffin,lopezpamela@hotmail.com,001-138-642-8807,Justinstad,Vermont,Liberia
94,Krista Freeman,juliemartin@yahoo.com,001-898-836-9525x6443,Aliciaport,Arizona,Mexico
95,Kimberly Hunt,patriciapatel@hotmail.com,906.966.6655x2701,South Darrenfort,South Dakota,Chile
96,Dwayne Atkinson MD,chadthompson@gmail.com,(774)781-4105x214,Port Linda,New York,Ghana
97,Michael Murphy,aaron88@griffin.info,216-822-3007x061,Sarafurt,Nebraska,Eritrea
98,Taylor Johnson,lindagomez@gmail.com,708-631-0638x290,New Haroldmouth,Connecticut,Barbados
99,Gary Rodriguez,jenniferjames@bryant.com,+1-891-039-1724,Shaneberg,Georgia,Zimbabwe
100,Tiffany Moore,stevenhuffman@gmail.com,(867)231-1357x147,Michaelmouth,Wyoming,New Zealand
